{
  "assetsByChunkName": {
    "vendors~app-account~app-confirmation~app-order": "chunk.11b2c9a3f96f59aa5dd7.js",
    "vendors~app-account~app-checkout": "chunk.d816b04bfc9d24cd6eb3.js",
    "vendors~app-cart~app-checkout": "chunk.00d5f1d3229ca4f68172.js",
    "admin": [
      "admin.79f20c6dc6754acb3f1b.js",
      "admin.79f20c6dc6754acb3f1b.js.map"
    ],
    "app-account": "chunk.0e752b5027a53504ba00.js",
    "app-confirmation": "chunk.34ab41cab233e2579806.js",
    "app-order": "chunk.7961099b06e59e00fb9a.js",
    "checkout": [
      "checkout.42f67ec4d1898cc23cb0.js",
      "checkout.42f67ec4d1898cc23cb0.js.map"
    ],
    "storefront": [
      "storefront.3fb9776c9ed360c12611.css",
      "storefront.2d149e001bf1916dd794.js",
      "storefront.3fb9776c9ed360c12611.css.map",
      "storefront.2d149e001bf1916dd794.js.map"
    ],
    "vendors~app-cart": "chunk.22c6337a6770a239b448.js",
    "vendors~app-checkout": "chunk.8ec7deaa4a0f066409cd.js"
  }
}