{
  "marketing_stripe": {
    "text": "",
    "link": ""
  },
  "contacts_stripe": {
    "phone_wpp": false,
    "socials": true,
    "pages": [
      {
        "title": "Comprar",
        "link": "/compre-agora/"
      },
      {
        "title": "Composição",
        "link": "/pages/ingredientes-que-contem-blow-gummies"
      },
      {
        "title": "Resultados Reais",
        "link": "/pages/resultados-reais-blow-gummies"
      },
      {
        "title": "Blog",
        "link": "https://blog.blowhair.com.br/"
      },
      {
        "title": "Blow Gummies ?",
        "link": "/pages/por-que-blow-gummies"
      },
      {
        "title": "Contato",
        "link": "/pages/contato"
      }
    ]
  },
  "categories_list": {
    "featured": [],
    "random": 6,
    "full_width": false
  },
  "search_input": false
}