{
  "meta_title": "Blow Gummies - Gomas para Tratamento Capilar",
  "meta_description": "Blow Gummies - Suplemento Alimentar em Gomas",
  "sections": [
    {
      "type": "banner-slider",
      "autoplay": 4000,
      "slides": [
        {
          "start": "2021-11-16T22:19:10.020Z",
          "end": "2021-11-22T22:00:30.812Z",
          "img": "/img/uploads/banner-site-campanha-blow-week-novembro.png",
          "mobile_img": "/img/uploads/banner-mobile-campanha-blow-week-novembro.png",
          "link": "https://www.blowgummies.com.br/compre-agora/",
          "alt": "Black Friday Blow Gummies"
        }
      ]
    },
    {
      "type": "page-title",
      "title": "",
      "description": ""
    },
    {
      "type": "dynamic-showcase",
      "load_more": false,
      "sort": "sales"
    },
    {
      "type": "custom-html",
      "html": "<div class=\"bg-home\"></div>"
    },
    {
      "type": "custom-html",
      "html": "<div class=\"box-gumm-mob\"><a href=\"/blow-gummies-240-dias-tratamento-4-sabores\"><img src=\"/img/uploads/blow-vendidos.png\" alt=\"Blow Gummies Mais Vendida\"  /></a></div>\n<!--<div class=\"box-bg-gummie\"><div class=\"text-gummie\"><div class=\"oque-sao\"><h2>O que são as</h2><div class=\"title-blow\"></div></div><div class=\"text-sobre\">A Blow Gummies é um suplemento alimentar em goma com formato de ursinho, fácil e divertido de ingerir, não é o máximo?! Além de ter um gostinho IN-CRÍ-VEL, com 4 sabores diferentes, é rico com 12 vitaminas e minerais que ajudam no crescimento e fortalecimento dos seus cabelos e unhas. Por fortalecer os fios, auxilia também no processo de queda de cabelo, tudo do jeitinho que a gente ama!! E você acha que acabou por aqui? Nada disso mana, fica ainda melhor! A Blow Gummies proporciona mais brilho aos seus cabelos e suas unhas nascem mais fortes. Tudo isso dentro de um potinho com 60 gominhas que é equivalente a 60 dias de tratamento, não tem como não se apaixonar!</div><div class=\"text-gummie\"><a id=\"cta\" href=\"#search-engine\">COMPRE AGORA</a></div></div></div>-->\n<div class=\"box-gumm-mob\"><a href=\"/blow-gummies-240-dias-tratamento-4-sabores\"><img src=\"/img/uploads/blow-vendidos.png\" alt=\"Blow Gummies Mais Vendida\" /></a></div>\n<div class=\"box-bg-gummie\">\n<div class=\"text-gummie\">\n<div class=\"oque-sao\">\n<div class=\"title-blow\">&nbsp;</div>\n<h2>A Blow Gummies &eacute; um suplemento alimentar em goma com formato de ursinho, f&aacute;cil e divertido de ingerir, n&atilde;o &eacute; o m&aacute;ximo?!</h2>\n</div>\n<div class=\"text-sobre\">\n<div class=\"box1__sobre\">Al&eacute;m de ter um gostinho IN-CR&Iacute;-VEL, com 4 sabores diferentes, &eacute; rico com 12 vitaminas e minerais que ajudam no crescimento e fortalecimento dos seus cabelos e unhas. <br /><br />Por fortalecer os fios, auxilia tamb&eacute;m no processo de queda de cabelo, tudo do jeitinho que a gente ama!! E voc&ecirc; acha que acabou por aqui? Nada disso mana, fica ainda melhor!</div>\n<div class=\"box2__sobre\">A Blow Gummies proporciona mais brilho aos seus cabelos e suas unhas nascem mais fortes. <br /><br />Tudo isso dentro de um potinho com 60 gominhas que &eacute; equivalente a 60 dias de tratamento, n&atilde;o tem como n&atilde;o se apaixonar!</div>\n</div>\n<div class=\"text-gummie\"><a id=\"cta\" href=\"#search-engine\">COMPRE AGORA</a></div>\n</div>\n</div>"
    },
    {
      "type": "custom-html",
      "html": "<div class=\"box-bg-porque\"><div class=\"title-box\"><div class=\"title\"><h2>Porquê </h2></div><div class=\"title-blow\"></div></div><div class=\"text-porque\"><div class=\"box-gummie item1\">Divertida de Mastigar</div><div class=\"box-gummie item2\">Sabores Incríveis</div><div class=\"box-gummie item3\">Produto Cruelty Free</div><div class=\"box-gummie item4\">Feitos com Pectina</div><div class=\"box-gummie item5\">Tratamento de 60 dias</div></div></div>"
    },
    {
      "type": "carousel-influencers",
      "autoplay": 5000,
      "banners": [
        {
          "img": "/img/uploads/carol-kyoko-blow-gummies.png",
          "alt": "Carol Kyoko",
          "link": "#search-engine"
        },
        {
          "img": "/img/uploads/bia-siqueira-blow-gummies.png",
          "alt": "Bia Siqueira",
          "link": "#search-engine"
        },
        {
          "img": "/img/uploads/julia-doorman-blow-gummies.png",
          "alt": "Júlia Doorman",
          "link": "#search-engine"
        },
        {
          "img": "/img/uploads/farkile-blow-gummies.png",
          "alt": "Farkile",
          "link": "#search-engine"
        },
        {
          "img": "/img/uploads/maluzinha-blow-gummies.png",
          "alt": "Maluzinha",
          "link": "#search-engine"
        },
        {
          "img": "/img/uploads/leydi-paranhos-blow-gummies.png",
          "alt": "Leidy Paranhos",
          "link": "#search-engine"
        },
        {
          "img": "/img/uploads/mirela-janis-blow-gummies.png",
          "link": "#search-engine",
          "alt": "Mirela Janis"
        },
        {
          "img": "/img/uploads/pamela-drudi-blow-gummies.png",
          "alt": "Pamela Drudi",
          "link": "#search-engine"
        },
        {
          "img": "/img/uploads/vivian-amorim-blow-gummies.png",
          "alt": "Vivian Amorim",
          "link": "#search-engine"
        },
        {
          "alt": "Evelyn Regly",
          "img": "/img/uploads/evelyn-regly-blow-gummies.png",
          "link": "#search-engine"
        },
        {
          "link": "#search-engine",
          "alt": "Maria Lina",
          "img": "/img/uploads/maria-lina-blow-gummies.png"
        }
      ]
    },
    {
      "type": "grid-op",
      "banners": [
        {
          "img": "/img/uploads/blow-gummies-funciona-harin.png",
          "link": "#search-engine"
        },
        {
          "img": "/img/uploads/blow-gummies-funciona-leticia-silva.png",
          "link": "#search-engine"
        },
        {
          "img": "/img/uploads/blow-gummies-funciona-thaynara-lorenzi.png",
          "link": "#search-engine"
        },
        {
          "img": "/img/uploads/blow-gummies-funciona-paula-theixeira.png",
          "link": "#search-engine"
        },
        {
          "img": "/img/uploads/blow-gummies-funciona-isa-fortunatto.png",
          "link": "#search-engine"
        }
      ],
      "autoplay": 5000,
      "html": "<h2>O que falam<span>sobre as</span></h2>"
    },
    {
      "type": "resultados",
      "html": "<div class=\"box-bg-resultados\">\n  <div class=\"title-box\">\n    <div class=\"title\"><h2>É possivel notar<span>resultados usando as</span></h2></div>\n    <div class=\"title-blow\"></div>\n  </div>\n  <div class=\"resultados\"><!-- LightWidget WIDGET --><script src=\"https://cdn.lightwidget.com/widgets/lightwidget.js\"></script><iframe src=\"https://cdn.lightwidget.com/widgets/fb99c0232e5c54aa8aad124cb00246b8.html\" scrolling=\"no\" allowtransparency=\"true\" class=\"lightwidget-widget\" style=\"width:100%;border:0;overflow:hidden;\"></iframe></div>\n</div>"
    },
    {
      "type": "famosos",
      "html": "<div class=\"eu-quero\">\n  <div class=\"title-box\">\n    <a href=\"#search-engine\">\n    <div class=\"title\"><h2>Agora eu<span>queroooo!</span></h2></div>\n    <div class=\"title-blow-comprar\"></div>\n    </a>\n  </div>\n</div>"
    },
    {
      "type": "falam",
      "html": "<div class=\"instafeed-footer\">\n<!-- LightWidget WIDGET --><script src=\"https://cdn.lightwidget.com/widgets/lightwidget.js\"></script><iframe src=\"https://cdn.lightwidget.com/widgets/ef70a8b393a358f88c0679e84a75a20d.html\" scrolling=\"no\" allowtransparency=\"true\" class=\"lightwidget-widget\" style=\"width:100%;border:0;overflow:hidden;\"></iframe>\n</div>"
    }
  ]
}